loan_id,propname,linear_severity,hurdle_severity,selected_model
83090,Property35275,0.033019302203931705,0.009252221570462944,hurdle_current_state
4862,Property22831,0.4063220744020048,0.38656186489425565,hurdle_current_state
17083,Property528,0.003327090409619704,0.0016233435041546772,hurdle_current_state
12726,Property7589,0.03909593970730417,0.006048739851564163,hurdle_current_state
74373,Property3817,0.3577720771504767,0.3251089188615585,hurdle_current_state
169026,Property12019,-0.07288940509501662,0.0020715550273847404,hurdle_current_state
44637,Property7056,-0.021093853237747803,0.0010050837182911084,hurdle_current_state
33181,Property1787,0.38550743623482775,0.3382242354322071,hurdle_current_state
21345,Property2578,0.07505012080936098,0.042913782754618296,hurdle_current_state
12622,Property214,0.004192685041217795,0.0012388450585811511,hurdle_current_state
117748,Property13750,-0.009430644741738256,0.0017254649852515272,hurdle_current_state
116480,Property10851,-0.03262163201252781,0.0003338312889012208,hurdle_current_state
28458,Property24891,-0.03310510864784538,0.0008561954592311502,hurdle_current_state
59963,Property13814,0.36682906288874245,0.4445183824004684,hurdle_current_state
27452,Property18330,0.013997070619167315,0.00622033914734063,hurdle_current_state
80600,Property19631,0.004928341115456231,0.004713393327683851,hurdle_current_state
118134,Property4884,0.38465177423645874,0.48061782871508196,hurdle_current_state
51773,Property27835,-0.006704469395808946,0.0027100987152439515,hurdle_current_state
86160,Property29696,-0.015220435565166349,0.0005880040680886487,hurdle_current_state
21650,Property32444,0.0011743820960326973,0.0029507658677653584,hurdle_current_state
2049,Property37571,0.39405943291014844,0.40613403699508166,hurdle_current_state
115603,Property37682,0.0015482976902765483,0.001023038854275627,hurdle_current_state
53090,Property9092,-0.010076905921265006,0.0007936931283668856,hurdle_current_state
42929,Property15358,-0.0006756742856697945,0.002197792089286685,hurdle_current_state
171640,Property3486,0.019892502511409393,0.009841029532887435,hurdle_current_state
25393,Property35003,-0.022509056680272435,0.0013592927487775057,hurdle_current_state
19356,Property13560,-0.0549515147891419,0.0001010375724049178,hurdle_current_state
22495,Property3692,0.36899825168835076,0.3567927787984597,hurdle_current_state
44880,Property12653,-0.009980539253537299,0.0009848359791659652,hurdle_current_state
2931,Property15740,-0.006290074631984263,0.0013501132217691536,hurdle_current_state
26414,Property12214,0.37867414212769285,0.4449115473997962,hurdle_current_state
20234,Property12587,-0.018736180641282837,0.0002652166408420176,hurdle_current_state
166265,Property21714,-0.02994793448413699,0.0004819525505708603,hurdle_current_state
44452,Property11199,0.3606871825168819,0.4284940030352168,hurdle_current_state
45419,Property28327,-0.017866363670723737,0.0011573327342206084,hurdle_current_state
113612,Property17273,0.5797944451610832,0.395452529686789,hurdle_current_state
26685,Property16217,0.0004307628631751992,0.004036724342723355,hurdle_current_state
9501,Property29827,0.05801355140340459,0.01019791290574506,hurdle_current_state
12919,Property21487,0.011997854362715069,0.007809301284785393,hurdle_current_state
229951,Property37140,0.020317619080454916,0.012546261208331137,hurdle_current_state
56619,Property11767,-0.0016266706096313699,0.0010589335773244183,hurdle_current_state
16508,Property6260,-0.01120310473487339,0.0003832412494403763,hurdle_current_state
16498,Property5337,0.04626332618233047,0.07553399120375964,hurdle_current_state
47459,Property368,0.02780116462793568,0.002070933690845653,hurdle_current_state
52917,Property19588,0.392591298319334,0.48827910389177187,hurdle_current_state
51383,Property17696,0.030319023759554448,0.015356690680755522,hurdle_current_state
2563,Property35000,0.018509191892104537,0.0029446055717035095,hurdle_current_state
43073,Property31315,-0.003311925405387925,0.0006426749853132367,hurdle_current_state
24185,Property7447,0.028166537510978404,0.00911428720828882,hurdle_current_state
4335,Property9698,0.009195985349681093,0.0016810442015881796,hurdle_current_state
1869,Property1674,0.026987052955625042,0.001017242359271526,hurdle_current_state
13994,Property31405,0.36191938605664536,0.39978350500307636,hurdle_current_state
16611,Property29086,0.3644494885610423,0.3959682000497661,hurdle_current_state
7520,Property36560,0.013555593105935085,0.002281831147828239,hurdle_current_state
12423,Property27655,-0.01371593468761935,0.0010855638764406296,hurdle_current_state
8440,Property5894,0.050616232251124604,0.021084455793399143,hurdle_current_state
68164,Property34708,-0.006346890382136747,0.0013282992400963278,hurdle_current_state
26980,Property5528,0.00391702241532077,0.0014429092493832725,hurdle_current_state
19793,Property871,0.009083377532655867,0.014890632978857976,hurdle_current_state
72234,Property6584,0.016897965146964927,0.0023168248303302467,hurdle_current_state
119145,Property19355,0.021594903078958852,0.0009825420424384734,hurdle_current_state
15241,Property14989,0.023916088398879626,0.01638618605932542,hurdle_current_state
81038,Property10376,-0.03907246982421346,0.000584142470018181,hurdle_current_state
11406,Property13032,-0.007690670434578065,0.0014037840541729187,hurdle_current_state
51566,Property5632,0.03886886584506005,0.03247679328155482,hurdle_current_state
115366,Property14824,-0.002693674164228277,0.0018323192965673239,hurdle_current_state
2444,Property6866,0.026688272808357436,0.019434322187922962,hurdle_current_state
38117,Property33399,0.017103640604077125,0.010154887456328964,hurdle_current_state
82397,Property33104,0.0013651255207381002,0.00040574236369515007,hurdle_current_state
34444,Property18721,-0.022174816038699738,0.0006673615797554418,hurdle_current_state
86990,Property7296,0.21214315127688954,0.029755751279026306,hurdle_current_state
13024,Property11544,0.04084775767444225,0.01692361502402131,hurdle_current_state
20250,Property852,0.05341002672714641,0.010617424483946168,hurdle_current_state
78760,Property6394,0.027272370235669516,0.00695045561609665,hurdle_current_state
65809,Property3174,0.0008906789358853473,0.0022568843209971653,hurdle_current_state
4283,Property14675,0.03774817840983305,0.0006962903723448667,hurdle_current_state
117578,Property999,-0.021880796177279963,0.0024688292045340343,hurdle_current_state
44470,Property15237,0.3758234128945986,0.40311935805303556,hurdle_current_state
20063,Property28351,0.0035837921730171585,0.0005658919183256931,hurdle_current_state
48642,Property35295,0.08597567171692609,0.028711161496530604,hurdle_current_state
84425,Property24704,0.04418632711845237,0.0026026912975805265,hurdle_current_state
10022,Property23455,0.006759504516788861,0.0017725084092058952,hurdle_current_state
10265,Property35916,0.04487601189475572,0.06342899811530593,hurdle_current_state
11115,Property6307,-0.03593007753170881,0.0007593596414273816,hurdle_current_state
24300,Property572,-0.02392591068980418,0.0003517164700910004,hurdle_current_state
67508,Property32400,0.3442178277267106,0.2758843674446787,hurdle_current_state
114923,Property25967,0.41142246892180556,0.504450448447025,hurdle_current_state
39636,Property7524,0.01805539991565483,0.0026272816264760615,hurdle_current_state
37205,Property26592,0.3693560438140827,0.41623364857113154,hurdle_current_state
65361,Property7955,0.0021706257143543767,0.0009874789070090412,hurdle_current_state
3178,Property621,-0.008203405216430204,0.0022395725828822993,hurdle_current_state
37834,Property17037,0.030042943766368194,0.02472814827967169,hurdle_current_state
44604,Property17080,0.376238571919116,0.40924317099104546,hurdle_current_state
75110,Property35648,-0.005414546633600872,0.0005073571013464354,hurdle_current_state
4740,Property29529,0.004695118028617856,0.0012125917774711116,hurdle_current_state
194113,Property20402,0.07553642510405251,0.2827641941170975,hurdle_current_state
53496,Property15320,0.0021352402814474453,0.0011101343392245127,hurdle_current_state
1638,Property10202,-0.01794421709580206,0.0007341632459540791,hurdle_current_state
12711,Property33782,0.06621511072686719,0.00688418336150954,hurdle_current_state
32631,Property1800,0.012500434809206803,0.0008582587476026787,hurdle_current_state
81119,Property34592,0.00028687790566889193,0.0012451377741357348,hurdle_current_state
55016,Property24074,-0.015007020700459422,0.0007171495861279415,hurdle_current_state
1914,Property5401,-0.05656314876258425,0.0002463529818360342,hurdle_current_state
115492,Property15519,-0.007308159906405098,0.001256324963252804,hurdle_current_state
24671,Property3616,-0.022279052237533944,0.00011093629241604703,hurdle_current_state
21585,Property16456,0.37012717250517263,0.4236792881939493,hurdle_current_state
43582,Property19879,0.020108381363361877,0.0013028010472099058,hurdle_current_state
53906,Property30469,0.03790214427264281,0.020651033232805614,hurdle_current_state
15985,Property842,-0.040507861521624444,0.00013176987869984477,hurdle_current_state
25515,Property11390,-0.02161976936258353,0.000897772435146414,hurdle_current_state
41366,Property3425,-0.0006917987166550621,0.0007693223624886057,hurdle_current_state
34805,Property34557,0.38113879932843975,0.42490057633007683,hurdle_current_state
222088,Property37287,-0.005681159879549494,0.0017566410503553117,hurdle_current_state
58488,Property37093,0.026854136489678784,0.005204415058677031,hurdle_current_state
115453,Property20428,0.005180682523318825,0.000633252485321446,hurdle_current_state
244379,Property37749,0.37565342986429423,0.5466602218710949,hurdle_current_state
69963,Property26969,0.02748965492955672,0.016420446951913335,hurdle_current_state
56362,Property32233,0.039780057238987684,0.008700614817143739,hurdle_current_state
20020,Property6877,-0.051400290519931946,0.00019375166040248021,hurdle_current_state
47911,Property23513,0.4011192832854731,0.38073130662277943,hurdle_current_state
22093,Property29118,0.08218292737250839,0.027388475439881328,hurdle_current_state
59516,Property1806,0.013013836866469869,0.0037704151398947157,hurdle_current_state
30530,Property25586,-0.04166779760596398,0.00018820599864435318,hurdle_current_state
14490,Property29817,-0.0003840783955974397,0.0014769190023336356,hurdle_current_state
116866,Property16783,0.035620561401657036,0.005236092079014477,hurdle_current_state
50229,Property19770,0.37658873341469495,0.43116615285822896,hurdle_current_state
84063,Property27942,0.43106287132804694,0.5445047425998633,hurdle_current_state
4759,Property42,-0.004252462411767605,0.0009274463218248017,hurdle_current_state
84384,Property7494,0.11300235676077942,0.16425555489077415,hurdle_current_state
202619,Property27855,-0.006120048053402674,0.0007653159293370801,hurdle_current_state
78553,Property24241,-0.009671322208609182,0.0009471235092381039,hurdle_current_state
53980,Property4352,0.41035152693463933,0.4446862021373518,hurdle_current_state
36487,Property12484,-0.01336329863741735,0.000526354613078177,hurdle_current_state
29517,Property8356,0.4041016283653304,0.36400588137854245,hurdle_current_state
7479,Property23601,0.39766293358031435,0.4811670883058444,hurdle_current_state
24707,Property1136,-0.02594596457101285,0.00031813050068672555,hurdle_current_state
20327,Property3439,0.01908038042082011,0.011979621699072464,hurdle_current_state
55865,Property8307,0.04956614937631935,0.012176877572091932,hurdle_current_state
26265,Property36585,0.03602202443944172,0.01825738120645966,hurdle_current_state
28475,Property32808,-0.007169442337284976,0.001329174861687775,hurdle_current_state
27049,Property19344,0.002798733770831688,0.001386921650685242,hurdle_current_state
14224,Property20420,0.40766977816306393,0.3663936197570614,hurdle_current_state
87047,Property14838,0.011082860230427094,0.0006631326861817847,hurdle_current_state
81914,Property2450,-0.026687287852068933,0.00024054970373034643,hurdle_current_state
86958,Property28553,0.007493216331563399,0.0018986814194216187,hurdle_current_state
7689,Property14277,0.008430354870836737,0.002186541836381702,hurdle_current_state
22595,Property24280,0.3224350375382549,0.1269998497303438,hurdle_current_state
69878,Property3315,0.031907486455161393,0.001616922535306369,hurdle_current_state
37747,Property5764,-0.03210446085598535,0.00013723428180984398,hurdle_current_state
78425,Property5624,-0.03513081228618481,0.0005148112342247655,hurdle_current_state
85729,Property15649,0.01886329084175392,0.0012987328129738752,hurdle_current_state
11157,Property2963,-0.00018459027097904313,0.002104805520322698,hurdle_current_state
21352,Property9703,0.03306763439196874,0.004734614020769609,hurdle_current_state
24453,Property694,-0.010537498624858435,0.001142359380978984,hurdle_current_state
12857,Property29998,0.4095559986045459,0.34226762992901205,hurdle_current_state
30625,Property14345,0.023861311809172142,0.004977453680746965,hurdle_current_state
67195,Property34740,0.02979496285248953,0.001756619288788192,hurdle_current_state
41820,Property22465,-0.007860248685751553,0.0012834624200871998,hurdle_current_state
25472,Property1919,0.3688505612493687,0.4860417451606829,hurdle_current_state
44630,Property31880,0.4066680758305393,0.34109087315329234,hurdle_current_state
56464,Property32542,-0.03857196038524746,0.0003367074216632974,hurdle_current_state
48089,Property9224,-0.004348372471171785,0.0008633408072174834,hurdle_current_state
79133,Property17644,0.00965006934552351,0.001102165060017811,hurdle_current_state
281,Property22570,0.05044888347482611,0.000743640565209109,hurdle_current_state
41827,Property7161,-0.0039230026279579305,0.0011331876680234366,hurdle_current_state
27166,Property25868,-0.014718730503070501,0.0005279678626190118,hurdle_current_state
27254,Property15947,0.041321292182346356,0.017540665560986865,hurdle_current_state
14769,Property25302,0.09423168667547178,0.11582129229360576,hurdle_current_state
24448,Property20830,0.027751229893291166,0.008687853670048654,hurdle_current_state
116630,Property7017,0.05365075377709237,0.016009014055866435,hurdle_current_state
56465,Property12038,-0.04758287872959516,0.0001450536618090005,hurdle_current_state
22623,Property24670,0.31917868779085057,0.16596639094723892,hurdle_current_state
114983,Property23952,0.025335847490279492,0.000425550862557583,hurdle_current_state
184189,Property32539,0.023629202288127663,0.006124309976390843,hurdle_current_state
16445,Property5821,0.021598726064165977,0.003716633018733165,hurdle_current_state
59184,Property12829,0.4140732787597009,0.4420531756958313,hurdle_current_state
65078,Property25492,0.01603462410984091,0.0031535785262884427,hurdle_current_state
85527,Property8958,0.390431258346462,0.4369502172719574,hurdle_current_state
30680,Property13390,0.3778514608436805,0.45978905162544764,hurdle_current_state
1642,Property11898,-0.017717057598202676,0.0001935453733314297,hurdle_current_state
9033,Property24845,-0.012387394991543094,0.0006515408526223613,hurdle_current_state
117541,Property19685,0.05076758712575378,0.0039396314909492065,hurdle_current_state
82563,Property16143,0.020288642950396535,0.005303087250575443,hurdle_current_state
57852,Property24589,0.013846647712129442,0.0040690124151079215,hurdle_current_state
65981,Property10457,0.0014388110133459892,0.007721698021856453,hurdle_current_state
11498,Property24753,0.35320446051025006,0.37316005062334,hurdle_current_state
47999,Property17035,0.009953532213113028,0.0006570317944281098,hurdle_current_state
57617,Property23637,0.01139737451673778,0.0009441644270470057,hurdle_current_state
22638,Property6310,0.01207598374232767,0.003155571102680626,hurdle_current_state
6321,Property15707,0.008063327239814719,0.001980384113203388,hurdle_current_state
69906,Property4198,0.3505542061485289,0.3542852822389179,hurdle_current_state
32411,Property19062,0.00258984217524319,0.0002945324177009425,hurdle_current_state
33848,Property21664,0.03567107494483855,0.0062595847542504125,hurdle_current_state
14849,Property24081,0.014751089361147177,0.0046189011900790505,hurdle_current_state
53824,Property12744,0.052778414422858654,0.07041019506872064,hurdle_current_state
25569,Property11200,0.034016260860806266,0.004820924834976049,hurdle_current_state
1725,Property28792,0.012057180070034063,0.00558400691135959,hurdle_current_state
17715,Property15658,0.4022781144844312,0.31779904788227814,hurdle_current_state
32380,Property984,0.03055697994792262,0.01653514616700266,hurdle_current_state
48860,Property14189,-0.003250631804143145,0.0009897808300800839,hurdle_current_state
31114,Property25597,0.5414950714504019,0.3452844875006226,hurdle_current_state
82027,Property30238,0.0016602266221785872,0.00046247426418914695,hurdle_current_state
17876,Property31514,0.36804878853068657,0.37561843208698603,hurdle_current_state
7021,Property631,0.033511153964122756,0.012826785990062132,hurdle_current_state
78241,Property15182,0.3532432129098417,0.23096946904232604,hurdle_current_state
38152,Property9797,-0.014141188533493679,0.0023720006477343917,hurdle_current_state
16308,Property31555,0.00515468885894553,0.0008220946094532335,hurdle_current_state
70832,Property36568,-0.02793213501668408,0.0011105582651167844,hurdle_current_state
52514,Property5413,-0.00769006379239226,0.01623029403839551,hurdle_current_state
29258,Property5769,0.02773632336431041,0.0015073099708626133,hurdle_current_state
56348,Property3835,0.005270184604207473,0.0021416548842874525,hurdle_current_state
12669,Property3910,0.3576557398007504,0.30863578622069426,hurdle_current_state
25148,Property22132,-0.013578829696019534,0.000686720106181363,hurdle_current_state
56535,Property30162,0.004197771085421645,0.004302144174075301,hurdle_current_state
85150,Property21549,-0.005803784753318969,0.0007318410858502269,hurdle_current_state
16717,Property26345,0.015084532165436135,0.002695843642574498,hurdle_current_state
67044,Property23238,0.007745365864533338,0.0010130699271815658,hurdle_current_state
25496,Property18198,-0.02603740566613015,0.0013174830755097343,hurdle_current_state
40375,Property13966,0.35961355897170877,0.3317737385513577,hurdle_current_state
40961,Property31605,0.030543945111238924,0.006890583851997092,hurdle_current_state
6069,Property33544,-0.009875080894274385,0.0010263779822594606,hurdle_current_state
28413,Property6197,0.354130021131833,0.2164045656658466,hurdle_current_state
37656,Property32688,-0.0012322039722665323,0.0010756279091424107,hurdle_current_state
695,Property714,0.07408707291877985,0.02668824875536353,hurdle_current_state
84300,Property36570,-0.006820921759353532,0.0013225822147087854,hurdle_current_state
20013,Property31023,0.0395155098829478,0.03537923135120195,hurdle_current_state
17445,Property21363,0.04731007915530902,0.0546976447076441,hurdle_current_state
50293,Property3477,0.01362625223581175,0.0020893775834044132,hurdle_current_state
117399,Property28521,-0.003914659182056482,0.002013407618736673,hurdle_current_state
52848,Property18073,0.5687825922721605,0.5875192169910084,hurdle_current_state
73351,Property27646,0.03173001162762297,0.02322992089216986,hurdle_current_state
890,Property22139,0.01028022626881396,0.00026416515954270366,hurdle_current_state
81318,Property12705,-0.021356212817330703,0.00020597636464905674,hurdle_current_state
58916,Property19374,-0.038436553716358415,0.00019589073470527063,hurdle_current_state
116522,Property11870,0.0029082030879209186,0.00467355595026411,hurdle_current_state
20001,Property16898,0.4336049741046735,0.6234987242227648,hurdle_current_state
81661,Property11468,-0.038365368818896226,0.0001692843443718674,hurdle_current_state
17566,Property5781,-0.021705725313427432,0.00031081195868270595,hurdle_current_state
19617,Property36429,0.0003365651861177016,0.003134376984022664,hurdle_current_state
33703,Property17656,0.010200170844589532,0.0014169843017257757,hurdle_current_state
20853,Property33845,0.35196481962664705,0.35662903557579495,hurdle_current_state
11153,Property23392,-0.0032757480752374363,0.0021037187541778895,hurdle_current_state
211153,Property4250,-0.026456248109100994,0.0005146583165699294,hurdle_current_state
32449,Property23575,-0.008017374205744249,0.001011105886200781,hurdle_current_state
55720,Property7257,-0.009449799550626664,6.678188043625112e-05,hurdle_current_state
84920,Property4901,-0.034919559452435134,0.0006753275757529718,hurdle_current_state
29901,Property11288,0.0018532628490289388,0.004355761373648513,hurdle_current_state
23835,Property5712,0.029075233944153768,0.05301698836867711,hurdle_current_state
8157,Property29333,-0.017269534396508787,0.0008130888551615013,hurdle_current_state
43609,Property37808,0.39835726499540836,0.40670081390598395,hurdle_current_state
24995,Property7788,0.011862796945419349,0.006448678537227921,hurdle_current_state
44663,Property25233,-0.006803485582962815,0.0005481414489521142,hurdle_current_state
47896,Property11268,0.0577579814829526,0.002524853552923556,hurdle_current_state
49582,Property32374,-0.014072730461652389,0.0006676694641022954,hurdle_current_state
115200,Property3309,0.014636523723288261,0.0018987909841743549,hurdle_current_state
19819,Property31433,-0.011147487399259831,0.00041126682352287075,hurdle_current_state
58530,Property32285,-0.009705632432348857,0.00341946259993664,hurdle_current_state
12851,Property4947,-0.03995748092195066,0.00032532493769083345,hurdle_current_state
82862,Property23110,0.031036127354105686,0.023479655397597683,hurdle_current_state
86158,Property34811,-0.045254455710473956,0.0005970980173882699,hurdle_current_state
99,Property8323,0.006841256917453714,0.00934022883903035,hurdle_current_state
6273,Property23399,-0.0035470342877674116,0.0029426189027320785,hurdle_current_state
14945,Property1976,0.029541790698884907,0.0018280043732602491,hurdle_current_state
10871,Property7133,-0.018960316922961268,0.000345080399251596,hurdle_current_state
64699,Property14961,0.016838270817931822,0.001720504144208443,hurdle_current_state
16805,Property35441,0.024657757961274937,0.020665988514884617,hurdle_current_state
46870,Property27391,0.04336937922960353,0.018721308067668134,hurdle_current_state
28766,Property18616,-0.01939278930159624,0.0013113234932215121,hurdle_current_state
3575,Property2445,0.08345128160037521,0.002309912369661321,hurdle_current_state
14504,Property18661,0.014747681905640936,0.002183700624172163,hurdle_current_state
41431,Property4393,-0.0033937602986484627,0.0006137454729644138,hurdle_current_state
33694,Property13068,0.025109585309912252,0.003685734783543926,hurdle_current_state
20693,Property8408,0.006782809241275167,0.0273527759861428,hurdle_current_state
14077,Property14876,0.20595916407209033,0.00810580329157871,hurdle_current_state
35778,Property5331,0.03625331015269138,0.004415733590597927,hurdle_current_state
56079,Property4795,0.03711464824336403,0.0040647401643299375,hurdle_current_state
117169,Property2625,-0.05716283016881887,0.00011410140614018235,hurdle_current_state
13385,Property11300,0.3862659676925125,0.4939453444798063,hurdle_current_state
619,Property16672,0.5241727342411399,0.47057889849582635,hurdle_current_state
17282,Property37399,0.01575445099267947,0.02147429394178566,hurdle_current_state
56782,Property7986,-0.008090227495660476,0.002010627489808729,hurdle_current_state
3273,Property544,-0.04183257860356521,0.0005902816800094971,hurdle_current_state
36531,Property36591,-0.029835823221259064,0.00019915810835266186,hurdle_current_state
47906,Property21451,0.05892598100915828,0.016062600182313456,hurdle_current_state
31127,Property7277,-0.0002062453736612485,0.002801567733567113,hurdle_current_state
85646,Property14444,0.009456036310962729,0.0012574494357490012,hurdle_current_state
923,Property23016,0.031526645395601016,0.007862906681336171,hurdle_current_state
25399,Property3278,-0.03422307986736574,0.0002470774532911226,hurdle_current_state
57438,Property24120,0.03077773773391808,0.014205022072551659,hurdle_current_state
47788,Property24539,-0.028913944103681644,0.0009479053893887154,hurdle_current_state
4433,Property2981,0.016009502487820848,0.00483507539650616,hurdle_current_state
68797,Property22912,0.40981112907066725,0.5113598192227102,hurdle_current_state
14554,Property218,-0.01326445264074036,0.0012517839566819956,hurdle_current_state
40,Property15158,-0.03011571856738554,0.0001925097423826643,hurdle_current_state
44640,Property8629,-0.02909655769781916,0.0011004241252369645,hurdle_current_state
14684,Property34134,0.028725930663552363,0.007273270525541921,hurdle_current_state
56176,Property18607,0.05149255316341199,0.009973699733444983,hurdle_current_state
6068,Property434,0.02809507852848312,0.04027768968044395,hurdle_current_state
6621,Property11501,-0.0021820270397002878,0.0011424427123275377,hurdle_current_state
169004,Property25493,0.008758607286252149,0.0004483974875636128,hurdle_current_state
70625,Property34507,0.036731077310067625,0.0015062538204952671,hurdle_current_state
19664,Property9457,0.48655533120636163,0.2940054549446261,hurdle_current_state
29132,Property21286,0.03387397802904488,0.021770166844913133,hurdle_current_state
19246,Property11110,0.0106764093238364,0.0015007807628030217,hurdle_current_state
81457,Property13252,-0.0024015540529098434,0.00696968309489256,hurdle_current_state
22014,Property5692,0.4441901263134971,0.5555361432995335,hurdle_current_state
13913,Property16681,-0.00913549145234896,0.0010609333451468519,hurdle_current_state
11493,Property4221,-0.01741166366557151,0.0013667299920344,hurdle_current_state
33761,Property6983,0.04715982893198639,0.08072765183574583,hurdle_current_state
16731,Property22662,-0.018307927043100122,0.002479152743303575,hurdle_current_state
44485,Property27072,0.021687073802470383,0.009962587860469458,hurdle_current_state
48794,Property31534,0.38090154843081214,0.4450629495800607,hurdle_current_state
82282,Property32955,-0.004153659337723478,0.003472346842577071,hurdle_current_state
37478,Property1756,0.027066111111016977,0.00041684876887346895,hurdle_current_state
7739,Property2494,0.009956701892313236,0.0007797937625869558,hurdle_current_state
117470,Property20214,0.02687345576904082,0.011087081004395156,hurdle_current_state
16694,Property9421,0.023943064679632572,0.010671902618341195,hurdle_current_state
7381,Property25495,0.01603845794387304,0.0010936732384250038,hurdle_current_state
57728,Property8444,0.08340711152697484,0.014961833757142834,hurdle_current_state
24844,Property1719,0.060957850523527854,0.019667033755010617,hurdle_current_state
38796,Property32825,0.5240633417325327,0.3576893181069103,hurdle_current_state
56129,Property24338,0.3935150007954061,0.3971719674758264,hurdle_current_state
118168,Property19501,0.007711051878080452,0.0023417147588787888,hurdle_current_state
24465,Property300,0.03621954093014753,0.0013649961949601958,hurdle_current_state
82148,Property29949,0.042834673437905674,0.0013735382718688338,hurdle_current_state
13405,Property25562,0.039784410347618954,0.011565361349476317,hurdle_current_state
17645,Property26371,-0.008850730080444333,0.0009349679878647664,hurdle_current_state
14342,Property12909,0.004034219588847643,0.008536802809648632,hurdle_current_state
6354,Property25594,-0.03646098152340421,0.00015851424596948762,hurdle_current_state
79094,Property11024,0.0015709603281554158,0.001742489809070952,hurdle_current_state
56458,Property24974,-0.0005305276817230004,0.0030397465029724548,hurdle_current_state
43673,Property34648,0.046121834518878975,0.006745553830137439,hurdle_current_state
1665,Property27927,-0.010462352841381917,0.0004483124034985828,hurdle_current_state
48791,Property13129,0.005970430791891343,0.0009877957214268298,hurdle_current_state
39357,Property5660,-0.0037940555098243955,0.002675292693012723,hurdle_current_state
12760,Property2717,0.022405691149889023,0.001599666113041401,hurdle_current_state
38594,Property28912,0.36548766934872756,0.39781665928569654,hurdle_current_state
74396,Property6913,-0.0007509533733198875,0.001221346622525387,hurdle_current_state
8454,Property32889,0.09441272144837787,0.007944568503810924,hurdle_current_state
41813,Property37072,-0.008398014833509937,0.0003667000047093125,hurdle_current_state
33489,Property7301,0.3690713002996762,0.3647356175254893,hurdle_current_state
69533,Property36549,-0.04267384600129205,0.00018930333439233602,hurdle_current_state
40263,Property13959,-0.005385803002661366,0.0017286097644646484,hurdle_current_state
41781,Property19844,0.3880378269050415,0.3887036735772644,hurdle_current_state
19969,Property20939,-0.00024229177054246875,0.003740489786457165,hurdle_current_state
24117,Property2408,0.03216780430452448,0.0026620011622079482,hurdle_current_state
4199,Property25428,-0.050996674447509494,0.00021793071263996944,hurdle_current_state
43125,Property14844,0.017116228144748516,0.0006847556265947301,hurdle_current_state
84353,Property27649,-0.011811539525714662,0.0008992695172088926,hurdle_current_state
50271,Property22317,0.009814779924654918,0.00035135750496215564,hurdle_current_state
78480,Property6321,0.02462341065913619,0.018455877145874995,hurdle_current_state
50238,Property22887,0.0037607053083966863,0.01379708823829541,hurdle_current_state
70632,Property13428,0.04801276044711745,0.05375299393020248,hurdle_current_state
70025,Property36136,0.019812833334470793,0.0020985473448448533,hurdle_current_state
9382,Property13458,0.023006898814908777,0.004086843142475369,hurdle_current_state
26806,Property503,-0.045617192639561044,0.0005521232762789915,hurdle_current_state
87866,Property5754,0.017042779658913543,0.0009873413552536387,hurdle_current_state
29046,Property29458,0.047118506335733966,0.004642452629611779,hurdle_current_state
12773,Property15475,0.05995433582588239,0.03225987269590951,hurdle_current_state
27000,Property1165,0.019069270267843885,0.001175623879189002,hurdle_current_state
35802,Property27249,-0.018590458213973718,0.0003654548944341568,hurdle_current_state
72493,Property10785,0.016309697321101546,0.010074788735732065,hurdle_current_state
42670,Property2410,-0.04096193072278406,0.0011226584298242837,hurdle_current_state
193111,Property8696,0.017829030099699036,0.0036771926485101906,hurdle_current_state
48424,Property7216,0.3497772001668805,0.39399022480445467,hurdle_current_state
24460,Property27937,-0.004635906316985447,0.001141057722470041,hurdle_current_state
85816,Property20121,0.0009609880405526128,0.00028311962487600085,hurdle_current_state
436,Property20034,0.007737324310208515,0.0016508880579120424,hurdle_current_state
20070,Property13917,-0.01844135869293971,0.0006868775154547079,hurdle_current_state
11489,Property29385,0.0459345042164791,0.01830149826244119,hurdle_current_state
20004,Property35087,0.010444746113689313,0.002038723883963031,hurdle_current_state
16606,Property23724,-0.0077173654642156,0.0025679976650218226,hurdle_current_state
55988,Property17512,-0.005807073917962438,0.002474152261508984,hurdle_current_state
31085,Property18474,0.0010959557639733941,0.0017400580000851977,hurdle_current_state
44722,Property13133,0.024780645562262407,0.0037841090427004477,hurdle_current_state
32583,Property4806,0.008861648715662612,0.0009079482895481904,hurdle_current_state
305,Property6831,-0.017795634617244052,0.00043461199704448517,hurdle_current_state
29895,Property27854,0.036105191674720115,0.0029816706308503443,hurdle_current_state
38084,Property15443,-0.04536175364654932,0.00024134163749468918,hurdle_current_state
8045,Property18294,0.35508731082034745,0.4464131171294879,hurdle_current_state
15186,Property10894,-0.013828753222129023,0.00043635682434890765,hurdle_current_state
29319,Property4472,0.03000422969712005,0.0036614317866856248,hurdle_current_state
8148,Property10782,-0.01928972737443156,0.0004097752972835467,hurdle_current_state
77666,Property10580,0.045040037565399635,0.03256232438648193,hurdle_current_state
68781,Property3114,0.03767343694664339,0.007655922592964888,hurdle_current_state
25181,Property5597,0.04311656025865562,0.0204538010992038,hurdle_current_state
34674,Property3509,0.006502311063074848,0.0008020114962117923,hurdle_current_state
56672,Property11821,0.06001073346066553,0.0031988656137876452,hurdle_current_state
32410,Property25540,-0.039006416013341774,0.0001853712926953945,hurdle_current_state
55158,Property23509,-0.027814887155272985,0.00034212164246637147,hurdle_current_state
38742,Property23808,0.0026060465487567352,0.0007612715353386507,hurdle_current_state
32524,Property19029,-0.014952868502854391,0.0008265764550781149,hurdle_current_state
117744,Property3223,0.06567364094981415,0.005552745198967597,hurdle_current_state
118107,Property16716,0.02228257064916006,0.009630803476693857,hurdle_current_state
177489,Property19193,0.01845576061837416,0.025690984128622762,hurdle_current_state
3494,Property11327,0.37741672031963625,0.4661168608301505,hurdle_current_state
23117,Property37709,0.05001521926301258,0.006462447551425559,hurdle_current_state
40250,Property5408,0.41424687510632235,0.47118445842839907,hurdle_current_state
10508,Property5130,-0.032888265053062235,0.00011897432529320386,hurdle_current_state
114623,Property20584,0.04193942088065321,0.001810542312007955,hurdle_current_state
88300,Property11689,0.020725254320169834,0.005945385672982997,hurdle_current_state
27113,Property553,-0.009399609025934633,0.0020800422132571665,hurdle_current_state
49598,Property4545,0.05631603530372158,0.0045172144185938205,hurdle_current_state
25811,Property14909,0.04967306277418078,0.0019391761358592908,hurdle_current_state
27987,Property15058,-0.033488874025514676,0.00014798035724378325,hurdle_current_state
43273,Property13784,0.008764560096744686,0.003451277265523281,hurdle_current_state
81095,Property24442,-0.011417396867930849,0.0011886648162354931,hurdle_current_state
81199,Property7300,-0.006607531250162169,0.0009907736687717241,hurdle_current_state
4977,Property7666,0.3878189295265103,0.375250891976966,hurdle_current_state
86454,Property18202,0.011892669707431303,0.001477981398895263,hurdle_current_state
29960,Property8231,0.05128722600449339,0.03329424876587736,hurdle_current_state
66642,Property1235,0.01738508387431377,0.0002548718331459703,hurdle_current_state
10583,Property15637,-0.013675035384637296,0.0031597063688479274,hurdle_current_state
12453,Property35753,0.034923118623809604,0.01604630336875405,hurdle_current_state
44677,Property13049,-0.0075992655739772486,0.0015130513865753916,hurdle_current_state
55890,Property37452,0.005237969332028691,0.001339201458235742,hurdle_current_state
116801,Property8030,-0.017833125310752956,0.0005458120839480481,hurdle_current_state
36239,Property27844,0.01499809189111008,0.002612359061153813,hurdle_current_state
87563,Property3731,-0.009850499693130857,0.0005418151112972494,hurdle_current_state
58330,Property18063,0.02551755093535528,0.017011403122851976,hurdle_current_state
4358,Property25371,0.019606969877437805,0.005894613267284244,hurdle_current_state
18284,Property23997,0.017457692842131972,0.0037854006073169805,hurdle_current_state
77287,Property18671,0.38381977819000657,0.4941145851194382,hurdle_current_state
67500,Property17682,0.0740509009899304,0.12494624399271799,hurdle_current_state
24942,Property35579,-0.01209820525219693,0.00016217776616831505,hurdle_current_state
37712,Property26899,0.07329509012096819,0.1627558677676529,hurdle_current_state
36084,Property17603,0.40097280041432304,0.5215928279978408,hurdle_current_state
27973,Property26078,0.37107884137750674,0.37786102920356424,hurdle_current_state
117841,Property32963,0.4640184852333583,0.3461189115629342,hurdle_current_state
86183,Property11598,-0.0064818189116751385,0.024268431562495658,hurdle_current_state
37208,Property37227,0.36455544804087686,0.42102585909828427,hurdle_current_state
78456,Property34464,-0.04017388659142419,0.0007794914805740326,hurdle_current_state
41719,Property21262,-0.0030658845248847932,0.00036372270706721237,hurdle_current_state
119246,Property33179,-0.040571729693536104,0.00010043403565923954,hurdle_current_state
22208,Property4940,-0.023052202865572954,0.0008971101692169092,hurdle_current_state
11861,Property37192,0.35916605266423063,0.38579359289702714,hurdle_current_state
27255,Property5273,0.0008070065371006685,0.0010249663695608858,hurdle_current_state
16080,Property15318,-0.034958189403947695,0.000721206056917549,hurdle_current_state
49707,Property24898,-0.025069060691144895,0.012518548286863187,hurdle_current_state
249917,Property126,-0.007742827821461462,0.0011423960744491746,hurdle_current_state
11303,Property25503,0.009222657760403097,0.0010895123128974837,hurdle_current_state
28844,Property16498,0.39215885984725624,0.3369902568870791,hurdle_current_state
24940,Property33744,-0.00045120502004965257,0.0011128951856841775,hurdle_current_state
206233,Property19999,0.38809551454767766,0.30952870531159116,hurdle_current_state
24564,Property15730,0.0013259643456070697,0.002102495223607477,hurdle_current_state
80857,Property37717,0.01583567819730869,0.004386249765008937,hurdle_current_state
16736,Property37253,0.037708577959746664,0.003819016794453544,hurdle_current_state
14486,Property36980,0.04181539489119556,0.0019421764337267818,hurdle_current_state
20445,Property22103,-0.01614814447432432,0.0010343798777921655,hurdle_current_state
116064,Property21611,0.3425558313621568,0.08193893404502463,hurdle_current_state
717,Property21135,0.007804281626702533,0.011467684857589387,hurdle_current_state
21212,Property35589,0.0017871708337015846,0.0028661759726739465,hurdle_current_state
25570,Property23836,-0.02578872519073043,0.00227161689000115,hurdle_current_state
14380,Property29974,-0.0044904807866895935,0.0016818772834257753,hurdle_current_state
11964,Property31707,-0.02084108812000196,0.00019429503538530556,hurdle_current_state
20160,Property6604,0.38223212089210856,0.4057249928415777,hurdle_current_state
28914,Property1655,0.02043249227814828,0.013203311375588117,hurdle_current_state
58211,Property5235,0.36022265731464626,0.2331500217136927,hurdle_current_state
44910,Property21964,0.008297694162289648,0.0007651869590518457,hurdle_current_state
85715,Property23846,-0.008017631876432257,0.0011034875826197988,hurdle_current_state
23508,Property6457,-0.010026758725429408,0.0005805070267090114,hurdle_current_state
53563,Property7560,-0.011119819432433634,0.0006550479102639702,hurdle_current_state
26533,Property8808,0.04910988775049053,0.00655904248807222,hurdle_current_state
27622,Property13414,0.030212323932951757,0.0021384835512759095,hurdle_current_state
67482,Property33266,0.002576579907998422,0.0005065442528575414,hurdle_current_state
7173,Property30903,0.03403595366241245,0.0008179695226968033,hurdle_current_state
56669,Property9292,0.032631274927721124,0.01582985969261832,hurdle_current_state
6190,Property36812,0.01257410370750503,0.002041078273696999,hurdle_current_state
66474,Property27057,0.03466111716672489,0.0007917672121238357,hurdle_current_state
11160,Property12866,0.011103932625261076,0.0046352721990946325,hurdle_current_state
219567,Property30854,-0.004165921257467467,0.00011066575703918984,hurdle_current_state
18078,Property7495,-0.005527524281784213,0.0012957610810980034,hurdle_current_state
48786,Property21119,-0.030066291352347063,0.000635571168009565,hurdle_current_state
14612,Property33389,0.04251830177393784,0.0021753881676257205,hurdle_current_state
23831,Property17377,-0.03173487520473217,0.00025142729993992086,hurdle_current_state
35908,Property11828,0.020820000246350112,0.003323506457088405,hurdle_current_state
25189,Property27461,0.36994727200127564,0.48700372177637563,hurdle_current_state
16290,Property7138,-0.00989233024132255,0.0016241124239912495,hurdle_current_state
7563,Property7494,0.4052995595947689,0.39516735561501165,hurdle_current_state
26562,Property7604,-0.015698597227366773,0.0003818515500776143,hurdle_current_state
68211,Property29425,0.023949294610517716,0.0022136671163470846,hurdle_current_state
26316,Property10122,0.0677255607393791,0.023407617673120513,hurdle_current_state
53193,Property5462,-0.008527419536007358,0.0012540637768613085,hurdle_current_state
6339,Property14634,0.03498313221219791,0.003065416509020511,hurdle_current_state
38647,Property3284,0.0006626810800567096,0.0006321210390029703,hurdle_current_state
221895,Property17587,-0.030217522021476942,0.0005655031667456109,hurdle_current_state
12590,Property18419,-0.017898724424681225,0.000246070636648744,hurdle_current_state
20496,Property32091,0.3855346805754578,0.24909087514341463,hurdle_current_state
71125,Property12888,0.07906749128015685,0.044548145456468055,hurdle_current_state
47846,Property19229,-0.009388479720218001,0.0007918246566246994,hurdle_current_state
24129,Property24564,-0.008644845123329165,0.0005340381306281939,hurdle_current_state
115808,Property5547,0.0033054132523294005,0.00190770170512534,hurdle_current_state
16295,Property22600,0.048327926021260695,0.031804795298817704,hurdle_current_state
23585,Property6016,0.05143107325644465,0.06957869658699384,hurdle_current_state
36473,Property32249,-0.033033059187332514,0.0006463786940130216,hurdle_current_state
41834,Property3983,0.3966206176799733,0.3760234954069818,hurdle_current_state
194076,Property23191,0.021921993967493253,0.0049575344064346554,hurdle_current_state
44672,Property24231,0.02245485744323185,0.0011915522113931018,hurdle_current_state
58907,Property21729,0.021151980399606418,0.0017602762268597364,hurdle_current_state
86138,Property12683,0.01771533066717032,0.0021219191504605354,hurdle_current_state
4722,Property8410,-0.0003753102410324338,0.00011197943855602424,hurdle_current_state
18985,Property30139,0.057992398427512,0.003232790854531022,hurdle_current_state
56927,Property8220,0.02145552725641807,0.03983437028046293,hurdle_current_state
2319,Property23403,-0.011485472432823926,0.001301472675638925,hurdle_current_state
11985,Property34438,0.011454810669000767,0.00611987040899542,hurdle_current_state
69,Property6067,0.02854990782202986,0.01967205122811106,hurdle_current_state
117742,Property25385,0.04276291363059946,0.02047805448758067,hurdle_current_state
80987,Property17497,0.021794541065340012,0.018039808852731414,hurdle_current_state
58419,Property25962,0.009707606152621506,0.000534533679475686,hurdle_current_state
28966,Property3492,0.3925319124697898,0.44307601194690555,hurdle_current_state
70415,Property8503,0.030000667937440176,0.005581427824514862,hurdle_current_state
115848,Property27863,-0.025657907813621164,0.0005433512551386976,hurdle_current_state
55152,Property25746,0.030786598583506804,0.04507102979899999,hurdle_current_state
65704,Property3198,0.5455492838052423,0.6645185444314509,hurdle_current_state
19678,Property32507,0.008115300467898573,0.0013857692609210875,hurdle_current_state
2368,Property5006,0.431391905969752,0.5054091141215044,hurdle_current_state
24138,Property2574,0.3845737847613947,0.5315027926745581,hurdle_current_state
18214,Property4666,-0.03285546763567891,0.00042356321662269077,hurdle_current_state
28464,Property6923,0.025481466834651578,0.025048996281967852,hurdle_current_state
42873,Property1760,0.42145968192286604,0.589631750851164,hurdle_current_state
40798,Property28066,0.030456031850082374,0.02007620923817662,hurdle_current_state
27672,Property20403,0.3820026644428747,0.4919575220113572,hurdle_current_state
4173,Property12094,0.050736626773629175,0.03853489178644091,hurdle_current_state
17554,Property4454,0.027060323902516767,0.06642601078154055,hurdle_current_state
171397,Property13011,0.3859406641384879,0.5390355297787887,hurdle_current_state
5628,Property21147,0.5493169354963081,0.6625716581157717,hurdle_current_state
41565,Property18249,0.3712041389223057,0.47814679636095064,hurdle_current_state
114351,Property22771,0.009796267136924414,0.0040585269387210235,hurdle_current_state
116783,Property29700,-0.016362692660028363,0.0004636813044389159,hurdle_current_state
25369,Property28110,0.051332875759096785,0.008206244410098816,hurdle_current_state
20220,Property16594,-6.6911177039497e-05,0.001554981797930278,hurdle_current_state
20572,Property25262,0.17058212188858785,0.03493459024106903,hurdle_current_state
27475,Property32529,0.0023976361712345073,0.0003664634468651766,hurdle_current_state
32502,Property18972,0.0012473097577027081,0.0009073397256815043,hurdle_current_state
23799,Property1945,0.4475374571905534,0.34619386906825395,hurdle_current_state
15904,Property19116,-0.0028785017446578826,0.0014625670797906605,hurdle_current_state
21691,Property31147,0.022603714515876963,0.0024138937667544163,hurdle_current_state
58298,Property30369,0.02684318314734252,0.0021686392743347272,hurdle_current_state
48629,Property624,-0.02632968149572415,0.00041858019417703436,hurdle_current_state
57868,Property37724,0.016876382770997178,0.0051388869885176415,hurdle_current_state
32703,Property21114,0.40709585798856257,0.5204338488084628,hurdle_current_state
4357,Property8250,0.04630204632990361,0.011514522896876492,hurdle_current_state
41385,Property25721,-0.015096862086652507,0.0014187800118515533,hurdle_current_state
194151,Property34465,-0.0065969586404312636,0.0009316837939445044,hurdle_current_state
67654,Property15865,0.0010763492344287723,0.0005188798563306656,hurdle_current_state
86968,Property31643,0.03539695417144957,0.011324639616510689,hurdle_current_state
70273,Property6564,0.00048498261315484126,0.0006330315923343161,hurdle_current_state
30702,Property28394,0.01649837916384167,0.00269285267894345,hurdle_current_state
25086,Property26770,0.026684265347744526,0.005301654870538782,hurdle_current_state
193959,Property12592,0.03832678577105039,0.0076735889309826185,hurdle_current_state
14089,Property33724,0.008178650396997042,0.0020154303700477636,hurdle_current_state
81705,Property6020,0.0015649370193509121,0.0011544535314273463,hurdle_current_state
47340,Property1976,0.018231282650379377,0.0006805476396903523,hurdle_current_state
54444,Property24016,-0.01702389959497512,0.0036624739400454094,hurdle_current_state
2696,Property1547,0.04269321333991799,0.0037182711901257845,hurdle_current_state
26695,Property7797,-0.01667910679110153,0.0004980611032628911,hurdle_current_state
840,Property31508,-0.012375656104319621,0.0009094570849567883,hurdle_current_state
9943,Property36831,0.030474101716750773,0.0014328661962837216,hurdle_current_state
58898,Property5293,0.43044214930984903,0.466479544846999,hurdle_current_state
54345,Property33783,0.3703534870370992,0.2574676305931664,hurdle_current_state
9374,Property3070,0.00021338380588561967,0.003549513932035473,hurdle_current_state
37319,Property29947,-0.015203549940700764,0.0003356954079915915,hurdle_current_state
57333,Property28760,0.037877561158900355,0.0031543050393170926,hurdle_current_state
411,Property31484,0.04457652031119015,0.005806159484360632,hurdle_current_state
85842,Property30554,0.03284475209038878,0.009159499236477119,hurdle_current_state
37603,Property11920,-0.04625552759340029,0.00022261329494356307,hurdle_current_state
32384,Property18509,0.03814509561207734,0.019096913662489907,hurdle_current_state
78781,Property17700,0.006244329180466399,0.0036586501218799808,hurdle_current_state
49679,Property12940,0.010952328584022702,0.00226926468665587,hurdle_current_state
15605,Property5397,-0.03557555076086866,0.00013497580544740516,hurdle_current_state
58299,Property2741,-0.015755506748342335,0.0006983088643254214,hurdle_current_state
71493,Property27262,-0.013569755323807456,0.0007032233015498302,hurdle_current_state
57869,Property15305,-0.0023025263546314484,0.004628942424718783,hurdle_current_state
49696,Property11975,0.025148160737109224,0.004379726980866945,hurdle_current_state
113830,Property1735,0.026865874231797066,0.0013639402983632528,hurdle_current_state
39391,Property36976,0.33857951183840024,0.10408374152275494,hurdle_current_state
84930,Property27743,0.018361740660775214,0.0017209991153584803,hurdle_current_state
34745,Property23154,0.3575254171246609,0.22445501590363112,hurdle_current_state
235893,Property4176,0.048796996847542566,0.11356515630549688,hurdle_current_state
44401,Property1490,0.36050665251980063,0.14552459595113623,hurdle_current_state
71006,Property10161,0.043158524724242406,0.004268314824554108,hurdle_current_state
48532,Property1665,0.37614897467729524,0.48695401226684165,hurdle_current_state
71102,Property12573,0.39482934522829405,0.40865376169332107,hurdle_current_state
27771,Property3058,-0.01087365944383313,0.0004244342903746713,hurdle_current_state
13176,Property6822,0.04280438062421048,0.02740308261547986,hurdle_current_state
28842,Property18468,0.005150527202829269,0.001602914148994417,hurdle_current_state
225450,Property10709,0.4097718889162596,0.4778461810948755,hurdle_current_state
43110,Property32032,-0.019200357062710074,0.001137247957790267,hurdle_current_state
38188,Property19215,0.004488736231345325,0.004363147074138639,hurdle_current_state
82393,Property29523,-0.000988225650049676,0.00047412889793006156,hurdle_current_state
18882,Property16334,0.015601209776447564,0.0006079832668348441,hurdle_current_state
38987,Property9648,0.33181939418358253,0.21595167842691737,hurdle_current_state
40174,Property25581,-0.013617736921507237,0.0016506340765176592,hurdle_current_state
49677,Property17845,0.009429675087283193,0.00993582169228934,hurdle_current_state
20905,Property18071,0.0005760548451617248,0.0017299740347829428,hurdle_current_state
47414,Property26196,0.0007999353023412509,0.0015017778885742276,hurdle_current_state
85779,Property20659,0.10175498750906684,0.06932738931044657,hurdle_current_state
22664,Property33527,-0.0002553496332134836,0.002347536979111281,hurdle_current_state
68920,Property2942,0.01170046377141351,0.0003856078523889542,hurdle_current_state
77245,Property4417,0.0321164234424827,0.013125497994814583,hurdle_current_state
15845,Property31734,0.03223021794346427,0.00225711665094307,hurdle_current_state
17810,Property26503,0.3860341466591417,0.4084523765118059,hurdle_current_state
38870,Property36510,0.014917634728079221,0.006593666641076039,hurdle_current_state
85718,Property28749,-0.0191157012942252,0.0016069735125324425,hurdle_current_state
11219,Property31117,-0.012722775312165896,0.0003919694327713381,hurdle_current_state
2534,Property1596,-0.021377969763315005,0.00047527031044562604,hurdle_current_state
34019,Property7915,0.03944919042082532,0.015584278740575927,hurdle_current_state
11297,Property302,0.015008896558627721,0.0006838312783328597,hurdle_current_state
28504,Property26625,-0.02194537889774037,0.00034971099396324427,hurdle_current_state
25435,Property11137,0.041894107329594324,0.0032645674460337793,hurdle_current_state
24712,Property36817,-0.0297978656454274,0.0008412844957405322,hurdle_current_state
13358,Property29170,-0.029295688720236482,0.0014429678307766511,hurdle_current_state
15012,Property13629,-0.006315779495678228,0.0001688133616276612,hurdle_current_state
15674,Property17344,0.0006701469506588953,0.016653877858009314,hurdle_current_state
2211,Property23464,0.009192927075729884,0.0031105854047206493,hurdle_current_state
11198,Property24464,-0.04701798937024901,8.207704209295596e-05,hurdle_current_state
21575,Property5154,-0.00223085443131478,0.000555174727740132,hurdle_current_state
21076,Property34153,0.02784409389019818,0.005226396629456079,hurdle_current_state
52871,Property1571,0.3824415597088749,0.5124493634266416,hurdle_current_state
21439,Property29547,-0.003529084449240605,0.00015668356341802243,hurdle_current_state
40829,Property4122,0.032159832056357626,0.0017798576308075621,hurdle_current_state
6678,Property6923,0.386215232537174,0.4324974143406052,hurdle_current_state
29495,Property23090,0.0564170108648839,0.007930821604997517,hurdle_current_state
82963,Property735,0.00041811536013985906,0.002262624126765614,hurdle_current_state
55154,Property16883,0.02208516705996852,0.00048711918960840325,hurdle_current_state
33283,Property31790,-0.02498564759935265,0.00036598385789323096,hurdle_current_state
28718,Property31146,-0.017603220627464874,0.0009731358921270865,hurdle_current_state
118186,Property8820,0.0010338391683146347,0.0033221667711938628,hurdle_current_state
2694,Property30454,0.08410704154843977,0.12207408181820716,hurdle_current_state
38644,Property14386,0.019339075922646942,0.0005413901856988513,hurdle_current_state
30793,Property9670,0.007963436080672251,0.0020104351847385505,hurdle_current_state
43115,Property8915,-0.03614140854843266,0.0012177877141595368,hurdle_current_state
48068,Property18989,-0.0010769536846061967,0.0024472339733486617,hurdle_current_state
32693,Property24912,-0.022874146646648233,0.0003089602872846964,hurdle_current_state
19818,Property4711,0.4679436422997079,0.5534474421732773,hurdle_current_state
6393,Property35360,0.013189716364257517,0.0006290155895909195,hurdle_current_state
17846,Property29030,0.37979992177982635,0.3738989460063985,hurdle_current_state
29496,Property12371,0.040786807535983224,0.004949480847998506,hurdle_current_state
7656,Property24689,0.015639717986824023,0.0012233556973983341,hurdle_current_state
57392,Property11011,0.009534516954650143,0.0017966799073911705,hurdle_current_state
37818,Property22370,0.022810641746158968,0.003560515971694219,hurdle_current_state
24324,Property24644,0.013977525289480361,0.015149569914494681,hurdle_current_state
117126,Property31472,0.003544607944259273,0.0013821717809856416,hurdle_current_state
58312,Property14631,-0.011712467689189196,0.00033127725897493876,hurdle_current_state
19129,Property20265,-0.024487198906380334,0.0005787768026079583,hurdle_current_state
25260,Property35434,0.022607931635814406,0.012936713511037834,hurdle_current_state
53227,Property12451,-0.005797329195490961,0.001104488371271375,hurdle_current_state
21671,Property31304,-0.013305809261972362,0.0004073507863571374,hurdle_current_state
25286,Property15847,0.400508399621369,0.41598216907155144,hurdle_current_state
37972,Property4854,-0.012079292073281442,0.00151692386075799,hurdle_current_state
80422,Property17330,0.3618390200868812,0.32416031165398324,hurdle_current_state
2038,Property12297,0.005076763035854026,0.0027346123292024687,hurdle_current_state
52647,Property7956,0.0149419020028832,0.0015866159091303712,hurdle_current_state
13025,Property26206,-0.010397742227050588,0.0007471671781081983,hurdle_current_state
24895,Property15403,0.013773505150865548,0.004570276268981833,hurdle_current_state
16964,Property3621,0.013394764467551973,0.001966939983849073,hurdle_current_state
41509,Property7742,-0.014472938778994346,0.0004315900231520048,hurdle_current_state
40312,Property31420,0.026909533958044345,0.022935581183277477,hurdle_current_state
115886,Property32834,0.3773792589357782,0.3922426342797693,hurdle_current_state
117787,Property21949,0.05712659453584291,0.061506211522320615,hurdle_current_state
63201,Property22728,-0.02854260939951657,0.00031923642805836564,hurdle_current_state
1913,Property14794,0.0026485267576608074,0.0017031043068950248,hurdle_current_state
40894,Property228,-0.018162977755282514,0.0017748645501670113,hurdle_current_state
13028,Property37692,-0.03897763208993625,0.0008525830833103381,hurdle_current_state
114290,Property30215,0.02648415656440612,0.020259034914577086,hurdle_current_state
24664,Property30081,0.21029954689817382,0.11535351124448727,hurdle_current_state
57457,Property28968,-0.026690992173927897,0.0002148884515958293,hurdle_current_state
37605,Property6024,-0.0010228376719731286,0.023535809645969668,hurdle_current_state
117872,Property26873,0.40898710372456965,0.46146623010248217,hurdle_current_state
70293,Property29260,0.0314582890924007,0.010350651604786265,hurdle_current_state
58517,Property10361,-0.013687558328215832,0.00017766501928120356,hurdle_current_state
5014,Property15288,-0.005452742673380737,0.0008725124888905858,hurdle_current_state
9447,Property15079,0.008562810762786768,0.0016866839377912303,hurdle_current_state
73450,Property17500,0.00782544333202119,0.0025687657164481423,hurdle_current_state
77365,Property28025,-0.03340972578549575,0.00021949767786369565,hurdle_current_state
87480,Property800,0.3525970148375972,0.2111427425431044,hurdle_current_state
142,Property33578,0.023392313066257386,0.001100934136850441,hurdle_current_state
49024,Property5473,0.01755959142304353,0.007859067246215394,hurdle_current_state
36307,Property17436,0.07266386225257615,0.10048161077631783,hurdle_current_state
80686,Property10028,-0.01829992570492965,0.0005114691384839368,hurdle_current_state
16911,Property30655,0.031636658067301246,0.007859337062841263,hurdle_current_state
53296,Property24960,0.40720597739161146,0.49310818920176563,hurdle_current_state
81477,Property9598,-0.022964739931891034,0.0009178247452348913,hurdle_current_state
34492,Property14933,0.017194815153724105,0.007631317162437235,hurdle_current_state
12892,Property3113,0.01800408635813012,0.001709062411824376,hurdle_current_state
84800,Property27113,0.09967664262520759,0.0774127762273781,hurdle_current_state
14189,Property34405,0.37283482120272304,0.48479023685575,hurdle_current_state
18720,Property8115,0.5896936911844175,0.7855219472796676,hurdle_current_state
23421,Property2083,-0.06452529458583153,9.634509480383931e-05,hurdle_current_state
39261,Property22630,-0.017545028289477557,0.0010264648888786835,hurdle_current_state
12479,Property21246,0.008604998128091734,0.0008555813604268557,hurdle_current_state
33153,Property3380,-0.013006137371283547,0.0021586214070550554,hurdle_current_state
117810,Property18767,0.3594552995315653,0.2906336169209563,hurdle_current_state
38201,Property14228,-0.008474014207345115,0.0012915690467460766,hurdle_current_state
12881,Property11641,0.37485402395687967,0.406716434675674,hurdle_current_state
16245,Property10752,-0.010021724241623467,0.0004991340409897122,hurdle_current_state
13360,Property25912,-0.01121628513584301,0.0005873718339271182,hurdle_current_state
59320,Property26393,0.011952725019783256,0.0010824318192192853,hurdle_current_state
26883,Property9928,0.011816677556551428,0.0048356953027418395,hurdle_current_state
58846,Property2120,-0.01655295753424406,0.005296345975999241,hurdle_current_state
65726,Property27290,0.0051546075514399825,0.0016886880995130647,hurdle_current_state
40434,Property16967,0.04708137165896612,0.023921467018509248,hurdle_current_state
114655,Property29660,0.019700712041334098,0.0030086112861201072,hurdle_current_state
358,Property14131,0.3813761944505794,0.29816396962557234,hurdle_current_state
79093,Property13420,-0.021951673579551828,0.0010616300487017877,hurdle_current_state
16479,Property34686,-0.00800943699946384,0.0001373153265756613,hurdle_current_state
59404,Property25267,0.02140194917797046,0.01804011185246851,hurdle_current_state
48145,Property21913,-0.0025816134306160116,0.003330731161964881,hurdle_current_state
55175,Property12595,-0.023476447217626845,0.00017886793168231588,hurdle_current_state
65709,Property37382,0.06322895155274821,0.009876950208555633,hurdle_current_state
8073,Property11772,0.39016826440043556,0.4562870170473921,hurdle_current_state
77432,Property14381,0.013254478962066746,0.003417167502044332,hurdle_current_state
53035,Property10617,-0.007827520310460231,0.0010741448817721288,hurdle_current_state
82754,Property17757,0.023613856291665195,0.006543026943556341,hurdle_current_state
168223,Property17759,-0.00021512645187721224,0.007960500207816558,hurdle_current_state
13739,Property35444,0.031346283521356044,0.003514343578980522,hurdle_current_state
2565,Property4857,0.09278902634072939,0.10247374959114677,hurdle_current_state
46383,Property7542,0.03916599040650866,0.004155764352249668,hurdle_current_state
13116,Property28145,0.3516372691741479,0.23895132564340382,hurdle_current_state
21016,Property14066,0.3282678347028562,0.06741284097463753,hurdle_current_state
24637,Property8854,-0.042588869215151245,0.00035905125988937135,hurdle_current_state
33901,Property37251,-0.04755869995067721,0.0001918591937238138,hurdle_current_state
169460,Property22405,-0.006242374562921316,0.002198370062503921,hurdle_current_state
77372,Property22228,0.5356639784094926,0.5303347716377615,hurdle_current_state
115118,Property28513,0.017740131233770856,0.002410372678148667,hurdle_current_state
18833,Property24055,0.045609850648055006,0.07082491003259422,hurdle_current_state
15527,Property33157,0.01392145075287117,0.03534170651084623,hurdle_current_state
38618,Property21078,-0.009747018903978416,0.00225969346678415,hurdle_current_state
77452,Property33608,0.28252859148312504,0.13764857175654957,hurdle_current_state
78424,Property7502,0.3573720669263463,0.34297087143234783,hurdle_current_state
58858,Property32848,-0.03754697183362256,0.0001539842580292711,hurdle_current_state
18952,Property65,-0.03066517895773839,0.00032948859758843,hurdle_current_state
48010,Property33259,-0.016446535381630753,0.04821790745842103,hurdle_current_state
77520,Property12332,0.015809048494214994,0.004483474971033252,hurdle_current_state
69928,Property21587,0.025682270908628554,0.005597784235779416,hurdle_current_state
7122,Property24144,-0.005771582089689711,0.0002965544617458919,hurdle_current_state
27442,Property13406,0.017420401838001545,0.009258993205454086,hurdle_current_state
17838,Property15739,0.4086391993385248,0.4811241276684291,hurdle_current_state
322,Property5208,-0.01152487916821586,0.0006497021121601094,hurdle_current_state
11889,Property24,-0.0021466377203905734,0.002278955928546357,hurdle_current_state
11352,Property30710,-0.008715065850979878,0.0005941746834814055,hurdle_current_state
301,Property35897,0.03392428394848,0.008144703913382447,hurdle_current_state
7623,Property5075,0.03396968091695189,0.0029909052071018546,hurdle_current_state
31010,Property24036,0.026362258220320706,0.0011641352391542224,hurdle_current_state
174352,Property32554,-0.0375117352935528,0.0004629493102391637,hurdle_current_state
80760,Property24979,0.01216070158072624,0.005980559229984094,hurdle_current_state
52577,Property36602,0.046748439987089344,0.0038036824497643088,hurdle_current_state
36434,Property9129,0.04958210089577689,0.0031203778763698787,hurdle_current_state
33356,Property10689,0.03934403260547363,0.02183750101349238,hurdle_current_state
28910,Property26581,-0.012624698293879591,0.0008857538500005444,hurdle_current_state
77185,Property25691,-0.01221817815299693,0.0005289347407411156,hurdle_current_state
81755,Property3800,0.018208738070547098,0.025594035218631617,hurdle_current_state
56156,Property16873,-0.009873766615138571,0.0017186650168402866,hurdle_current_state
57660,Property10725,0.024529086699009682,0.01889715635169184,hurdle_current_state
18074,Property11291,0.43866836032179174,0.6614626132411244,hurdle_current_state
39018,Property12235,0.36588330590843476,0.5213894396987921,hurdle_current_state
33895,Property8602,0.02387192293691702,0.006295869262817396,hurdle_current_state
34695,Property34670,-0.01626175314683978,0.00063405655571002,hurdle_current_state
45429,Property34757,0.06294274644127011,0.06196545604187667,hurdle_current_state
166234,Property14756,0.025571057619177398,0.038570246582458494,hurdle_current_state
117134,Property9656,-0.007775463910798544,0.0016653502946625766,hurdle_current_state
23213,Property8385,0.004637963920314778,0.0003742865246978022,hurdle_current_state
86548,Property27336,0.04008224701601376,0.012711878689417979,hurdle_current_state
40425,Property3438,0.010774221597010872,0.00225030641472498,hurdle_current_state
70264,Property30865,-0.009077710083814292,0.0013640155115757573,hurdle_current_state
117754,Property11030,0.015214340615658517,0.00242295723505873,hurdle_current_state
81154,Property12885,0.07374499093023336,0.027045854222077663,hurdle_current_state
26492,Property20768,0.02974803839118141,0.004443936667702701,hurdle_current_state
50211,Property34874,-0.012685858032539063,0.0009894363242053613,hurdle_current_state
55122,Property30413,-0.006832000672627375,0.00340773395077459,hurdle_current_state
33403,Property32028,0.40774993951085353,0.3840951527868863,hurdle_current_state
78686,Property17992,0.006933231950538424,0.01054798068245809,hurdle_current_state
22049,Property29759,0.004344073087448899,0.0015699208203625494,hurdle_current_state
18713,Property31720,0.38311771269233796,0.3666724045311759,hurdle_current_state
18685,Property25984,0.0717817407430805,0.009786555022357524,hurdle_current_state
34510,Property14750,0.18059151788801414,0.0019889257692891887,hurdle_current_state
83999,Property8690,0.07046492513506941,0.02181493949983382,hurdle_current_state
63784,Property23925,0.014438983915151637,0.009133830525347155,hurdle_current_state
6989,Property21014,0.019839301834833595,0.010413848851418377,hurdle_current_state
40531,Property6392,0.031239791703003533,0.0007648310144605339,hurdle_current_state
228069,Property17812,0.024508996186049514,0.0022826741930452826,hurdle_current_state
58207,Property4288,-0.01638995973161554,0.0004274038469679793,hurdle_current_state
178990,Property35018,0.03860118083659639,0.009098157338292131,hurdle_current_state
55943,Property28590,0.3783636610062483,0.426864861076552,hurdle_current_state
56637,Property36764,0.35805896220806466,0.3618198077484768,hurdle_current_state
46745,Property18931,0.3635323140486364,0.3446546273467995,hurdle_current_state
114589,Property3057,-0.018444175435371038,0.0006344135520652383,hurdle_current_state
6235,Property18639,-0.01731051457930366,0.000322904677962668,hurdle_current_state
1965,Property10326,0.013606896055213993,0.015275255182930216,hurdle_current_state
84056,Property35281,0.024338018418826574,0.043191029952625595,hurdle_current_state
10474,Property19208,0.008010824169972147,0.004945240740402204,hurdle_current_state
3122,Property9146,0.34038619905039613,0.2448349609101333,hurdle_current_state
6408,Property2509,0.3760541830537112,0.4253158102908839,hurdle_current_state
28903,Property20023,-0.00014639662738349934,0.0016060337168217126,hurdle_current_state
9042,Property4935,0.019779688571878104,0.0004936879206399803,hurdle_current_state
40512,Property3422,0.03242545217303909,0.0027458179823546336,hurdle_current_state
24319,Property15595,0.061274261439907426,0.019448668565897075,hurdle_current_state
54371,Property19367,0.06540762879281838,0.03607313748146098,hurdle_current_state
56333,Property31970,0.019511850207449374,0.011818539423579695,hurdle_current_state
7701,Property16763,0.03100505422466711,0.0024625873390552826,hurdle_current_state
113292,Property19393,0.5507781500682094,0.6668322971673726,hurdle_current_state
35782,Property26826,0.045923190814357306,0.01052499858507816,hurdle_current_state
18878,Property8342,-0.016492196955182073,0.0009357053751663271,hurdle_current_state
48318,Property32924,-0.042699544053343294,8.767720083759954e-05,hurdle_current_state
8025,Property23730,0.0427029502867318,0.020257493325413482,hurdle_current_state
18259,Property4811,0.03190341129347605,0.003643978241992578,hurdle_current_state
52870,Property7472,0.001323212752304348,0.0006008219696445886,hurdle_current_state
9111,Property33181,0.05294142475902525,0.010875696143721365,hurdle_current_state
72398,Property19798,0.01805773518533238,0.006483872773966037,hurdle_current_state
85742,Property8679,0.02908575979427308,0.001969882435244746,hurdle_current_state
37911,Property15962,-0.017293566908820626,0.0016915776808770339,hurdle_current_state
67129,Property13586,0.020314830443759244,0.0050158000671665206,hurdle_current_state
33601,Property21441,0.003664840321461804,0.0016923226266886363,hurdle_current_state
12018,Property10805,0.0014355081929427888,0.0010539704339466358,hurdle_current_state
23898,Property15185,0.36035371786303394,0.29178157003459404,hurdle_current_state
17542,Property32377,-0.03900352985483284,0.0002417175258500069,hurdle_current_state
27701,Property11682,0.3807983607228983,0.4140426236031668,hurdle_current_state
58315,Property3943,-0.025875729242381976,0.00022027435798168142,hurdle_current_state
53634,Property22216,-0.005360879215536116,0.0015089771289681082,hurdle_current_state
9952,Property26879,0.007179621023628513,0.005936866262280635,hurdle_current_state
10722,Property18433,0.023108459403226513,0.008481952288234701,hurdle_current_state
48353,Property32067,0.027463502814513388,0.0013908463444695198,hurdle_current_state
18203,Property30994,-0.014918963104142022,0.001698649011984276,hurdle_current_state
43180,Property11991,0.3905975870888743,0.36691693831410405,hurdle_current_state
21008,Property22484,0.022882195886824774,0.0032704524926546155,hurdle_current_state
3476,Property20667,0.056445392900054195,0.026217872689525,hurdle_current_state
1182,Property19242,0.054567287509260896,0.11912217516444004,hurdle_current_state
7713,Property13332,0.019973584757875973,0.0015487235625206775,hurdle_current_state
41623,Property2731,0.3984124828532183,0.4854023451916939,hurdle_current_state
37959,Property25945,0.06014630753349989,0.0026807229449563466,hurdle_current_state
84057,Property1324,0.3629736907578383,0.34957364995306794,hurdle_current_state
47888,Property18876,-0.04878946652571903,0.0002580331732367628,hurdle_current_state
71111,Property25989,0.024445793083519643,0.002000255933706466,hurdle_current_state
4384,Property2010,-0.022129908971890155,0.00019374571864888836,hurdle_current_state
56013,Property26699,0.017640010361525696,0.001512456650491833,hurdle_current_state
180263,Property18321,0.372009736346779,0.3525578248095531,hurdle_current_state
56238,Property24432,0.39157423450533946,0.26756795384617926,hurdle_current_state
1951,Property34519,-0.01809303472251557,0.0002962885790884897,hurdle_current_state
70406,Property19477,0.018752628993057657,0.009062633840440532,hurdle_current_state
18976,Property10808,0.04937419056738816,0.011802224448162557,hurdle_current_state
57479,Property12160,-0.01972269314836267,0.000823938793539405,hurdle_current_state
43656,Property7452,-0.04535409266896273,0.00014734958764778578,hurdle_current_state
53827,Property7177,-0.00457018722342957,0.0011165989238702285,hurdle_current_state
19871,Property4892,-0.03498129266929505,0.0021409416428652553,hurdle_current_state
5470,Property24262,-0.01638327935466899,0.0012937566221182483,hurdle_current_state
33314,Property4954,-0.009666729921053566,0.0023146823097969665,hurdle_current_state
81020,Property29037,0.3498423915874305,0.3322592646417941,hurdle_current_state
19456,Property22866,-0.030993568205942915,0.00021452218192266655,hurdle_current_state
41787,Property18183,0.012327175946222721,0.005539589726705582,hurdle_current_state
116586,Property37820,-0.03237167154809727,0.000893728342761259,hurdle_current_state
4412,Property20934,0.3164099555931666,0.15003347549212268,hurdle_current_state
37935,Property7263,-0.0185317832321322,0.0007459237770083797,hurdle_current_state
35644,Property29387,0.33785927906209273,0.2708012132358552,hurdle_current_state
14957,Property21779,0.0701053259682021,0.029233365818972595,hurdle_current_state
35796,Property17168,0.013959739751818315,0.002726745399778973,hurdle_current_state
18199,Property23437,0.016789096252649627,0.004883750642411206,hurdle_current_state
117010,Property12254,0.004899079710554852,0.00033499325358317275,hurdle_current_state
10325,Property30198,0.05830765469204683,0.03784049252020858,hurdle_current_state
2574,Property6241,0.0034805656789640566,0.0022363304583956026,hurdle_current_state
88299,Property35471,0.02742827843940579,0.009356239401919772,hurdle_current_state
33770,Property26900,0.01324283719090684,0.009617573699507257,hurdle_current_state
10004,Property15335,-0.03515280821095469,0.0005739510117685642,hurdle_current_state
9995,Property20033,0.3284592180112332,0.050221072707999276,hurdle_current_state
15921,Property9806,0.026840304280749044,0.0018164597625337261,hurdle_current_state
52857,Property25624,0.03252024212643301,0.020634691919752604,hurdle_current_state
82474,Property16367,0.3334543207171902,0.08232415012235711,hurdle_current_state
116268,Property18711,0.001270569846924044,0.0031025083277655963,hurdle_current_state
37574,Property5954,0.0036089155499021836,0.0003397362368803388,hurdle_current_state
26501,Property5076,-0.009761193920451314,0.0007359813417346971,hurdle_current_state
24240,Property34170,0.41673185013574876,0.43390900110319774,hurdle_current_state
115406,Property37800,-0.00965575123272426,0.007812815219571447,hurdle_current_state
24525,Property18604,0.024757590578631125,0.007068232908275769,hurdle_current_state
21126,Property15563,-0.03254872665159228,0.0002606135135091074,hurdle_current_state
57213,Property25777,-0.007196478975764253,0.004503177301769845,hurdle_current_state
81934,Property34813,-0.030617776915456585,0.00020087669346511766,hurdle_current_state
16297,Property26530,-0.0382545592662072,0.0005375431737549231,hurdle_current_state
60039,Property29000,0.021412787686270723,0.0013430174046917807,hurdle_current_state
51847,Property274,0.024246703935094358,0.012017977394769867,hurdle_current_state
33224,Property13156,-0.01552821303148362,0.0010278541634290122,hurdle_current_state
59,Property29514,-0.014598353117142054,0.00021791023229510704,hurdle_current_state
2707,Property25183,0.051106850595533715,0.0155996930071162,hurdle_current_state
85097,Property21728,0.011276335178053112,0.002247935584609628,hurdle_current_state
25172,Property25450,0.4817473205826256,0.30830548616523584,hurdle_current_state
49213,Property12775,-0.044083928703822536,0.0002619633499219362,hurdle_current_state
40656,Property2238,0.04803117047042339,0.006872621281701719,hurdle_current_state
77423,Property29183,0.04775058973424851,0.0005944503148690824,hurdle_current_state
63636,Property28641,-0.006899037021705856,0.012738593217984689,hurdle_current_state
10182,Property8898,0.04244961914150174,0.010335642710767756,hurdle_current_state
11648,Property32476,0.3779655572970869,0.461689490509226,hurdle_current_state
49224,Property16294,-0.0098109370826341,0.00044886828546784473,hurdle_current_state
84966,Property1884,0.008729545014269743,0.0013180843366923348,hurdle_current_state
81460,Property2879,0.02690027067430925,0.0019425426767559252,hurdle_current_state
39041,Property26720,0.03686923796572302,0.09650262888141266,hurdle_current_state
38686,Property16096,0.01913095961098124,0.0019135601093364216,hurdle_current_state
24894,Property10258,-0.05162009832404574,0.00036990704285888885,hurdle_current_state
56226,Property4117,0.029211710873215127,0.01983057209683292,hurdle_current_state
37372,Property24647,-0.0043605142543621245,0.0011930750888162354,hurdle_current_state
78539,Property21165,0.014795075820254841,0.008639582853255135,hurdle_current_state
33673,Property16087,-0.00509454469683579,0.006883137484577444,hurdle_current_state
59644,Property2616,0.01874324389108587,0.002150794216567911,hurdle_current_state
19999,Property18047,-0.0018930621500410222,0.002060130438732556,hurdle_current_state
6417,Property440,-0.027901250790727236,0.0005680992445695836,hurdle_current_state
78045,Property20539,-0.048504288269683865,0.0004018129302667353,hurdle_current_state
6183,Property7561,-0.010517207548614307,0.00027505628629520264,hurdle_current_state
46668,Property19888,-0.007820987256453638,0.0014803543359041083,hurdle_current_state
51605,Property8683,-0.003058165548458988,0.0018647577493052644,hurdle_current_state
18003,Property37857,0.03477817887642701,0.022806831627308056,hurdle_current_state
15796,Property9869,-0.00694858246714955,0.00045423579190727645,hurdle_current_state
13707,Property34040,-0.005288980509397467,0.01594608982010887,hurdle_current_state
58018,Property14431,-0.00463875755360911,0.00042379480523113526,hurdle_current_state
38817,Property8612,0.37907827751252077,0.4034814381593444,hurdle_current_state
86656,Property7824,0.3930129607095738,0.3785002109948582,hurdle_current_state
229228,Property6479,-0.0024806694310243876,0.00034942678881639346,hurdle_current_state
27652,Property11581,0.38213955425273105,0.20879248559047062,hurdle_current_state
14758,Property15284,0.05148577005935785,0.006873025235639088,hurdle_current_state
30614,Property15863,0.01606902220416527,0.00567314149630881,hurdle_current_state
30696,Property10713,0.01877074235808579,0.028123487025193645,hurdle_current_state
15275,Property16154,-0.02479176322662867,0.0001973549994540607,hurdle_current_state
11326,Property36318,0.001030176081197709,0.006426046947084717,hurdle_current_state
170789,Property33616,-0.037821198674550305,0.0004392768760073927,hurdle_current_state
38197,Property40,0.018876309876643148,0.006194072318466923,hurdle_current_state
36116,Property36848,0.3586344322794033,0.3211552450558674,hurdle_current_state
45435,Property19618,0.03245615190713205,0.02965926228301724,hurdle_current_state
30647,Property29138,0.02041795285514908,0.007741621804257829,hurdle_current_state
3367,Property3538,-0.006163939838531779,0.0041720217013249345,hurdle_current_state
10318,Property31950,-0.005431893406215305,0.0009980006062922811,hurdle_current_state
2021,Property12156,-0.0010448152507063768,0.0008421538904631343,hurdle_current_state
17394,Property14682,0.0019490188222543448,0.003154479628948155,hurdle_current_state
78799,Property11807,0.06933998857974255,0.028570173169150965,hurdle_current_state
12949,Property10646,0.01004938865756591,0.029496718463515915,hurdle_current_state
57299,Property16497,0.03376263614487235,0.004359551996081592,hurdle_current_state
24887,Property2959,0.3858162428684255,0.47053284109860954,hurdle_current_state
30840,Property14008,-0.009945619268438441,0.00102927004463089,hurdle_current_state
113802,Property9752,-0.018363551092863542,0.00027848074274002834,hurdle_current_state
10672,Property6890,-0.0022137072150237858,0.0011583146369296166,hurdle_current_state
47760,Property11916,0.4806626756032234,0.38904436715033536,hurdle_current_state
80606,Property26554,-0.007052451487153735,0.0015058849651748364,hurdle_current_state
632,Property18738,0.007035216971893979,0.004231009612680919,hurdle_current_state
12980,Property34645,-0.019649083164159475,0.0004375302231103371,hurdle_current_state
36236,Property29851,0.05582055894842118,0.019861389535147732,hurdle_current_state
419,Property33272,-0.0012119465492046871,0.002817951125576339,hurdle_current_state
16873,Property25786,0.006089755495905458,0.0014064647760345266,hurdle_current_state
117473,Property12383,0.011010969521899935,0.03144195060371911,hurdle_current_state
39716,Property18723,0.3642877519889415,0.2793986683031108,hurdle_current_state
22684,Property6255,-0.032628290430243775,0.000588228369192864,hurdle_current_state
68218,Property6912,0.053902055788844896,0.020766197354232883,hurdle_current_state
45529,Property13461,0.0333915173174134,0.005621083934146525,hurdle_current_state
116752,Property11056,-0.048420746354650795,0.00016903867627362747,hurdle_current_state
11240,Property27713,0.04020500755590645,0.010485466329673896,hurdle_current_state
31065,Property17760,-0.00900571027849481,0.005227066529763396,hurdle_current_state
66453,Property3523,0.3596458895537308,0.5484701876826353,hurdle_current_state
75092,Property12187,0.006885159728114029,0.00517658668887758,hurdle_current_state
19127,Property9698,0.06689743570192673,0.01923766387661697,hurdle_current_state
33198,Property31718,0.02232999290192833,0.0021494350578234803,hurdle_current_state
13010,Property36031,-0.028455829968921417,0.00023045299736066996,hurdle_current_state
115571,Property16112,0.049137787354143536,0.07750716514856952,hurdle_current_state
72255,Property24876,-0.0031929213100296283,0.008535045595518117,hurdle_current_state
37082,Property9874,-0.03807766067911132,0.00020648311223094107,hurdle_current_state
49154,Property9250,0.06045836376447389,0.0034873181424131617,hurdle_current_state
42902,Property28280,-0.0020185639279418494,0.00240347167861142,hurdle_current_state
12572,Property818,0.03247547114333008,0.005607527133730369,hurdle_current_state
15464,Property16802,0.013172725172424404,0.015330254576356462,hurdle_current_state
21502,Property32380,0.011000726553265394,0.003744907307862798,hurdle_current_state
53266,Property25513,0.010694671764012273,0.0009652494983280207,hurdle_current_state
30670,Property7972,-0.024744105310953723,0.0003377672755226648,hurdle_current_state
40999,Property4499,-0.010893557836451448,0.001640863459984752,hurdle_current_state
22514,Property15686,0.08755694225080465,0.054693061092617845,hurdle_current_state
174510,Property36205,0.04539670378498437,0.020610282948733356,hurdle_current_state
20155,Property18703,0.028729022036414684,0.01692317042403812,hurdle_current_state
14888,Property203,0.007240208769596773,0.032563351790814245,hurdle_current_state
50235,Property7256,0.05670295205980666,0.037673584683586676,hurdle_current_state
33780,Property34395,0.3681246963604953,0.3500796928043415,hurdle_current_state
114316,Property12826,0.3632812439126115,0.3252211708787238,hurdle_current_state
67472,Property12659,0.36993636374266925,0.3687249124276816,hurdle_current_state
73356,Property20421,0.007371501797866664,0.000693338500431309,hurdle_current_state
86538,Property31637,0.005063132595380673,0.0005246897335195268,hurdle_current_state
29578,Property8084,0.40450179450978135,0.47746302001413393,hurdle_current_state
5227,Property12984,0.004062891006577335,0.00879774849278532,hurdle_current_state
50218,Property20422,0.34467649142126,0.26001925499064515,hurdle_current_state
113564,Property16307,-0.0030548400609125004,0.0011675518196897672,hurdle_current_state
45375,Property22508,-0.028234724422428678,0.000569962054098157,hurdle_current_state
113356,Property3487,0.022152792909500924,0.004374625072102214,hurdle_current_state
27522,Property24920,0.004427984568365753,0.011779956422634965,hurdle_current_state
43,Property28830,0.05496109102279775,0.01887127678511299,hurdle_current_state
51721,Property24527,-0.0004148242724658774,0.018585756726876967,hurdle_current_state
53907,Property18409,0.02636371888686999,0.002467791822890756,hurdle_current_state
16941,Property23447,0.02495657328468741,0.0018560419360698934,hurdle_current_state
81690,Property28844,0.021754744698449152,0.005224643177316948,hurdle_current_state
8129,Property21793,0.005756614033507801,0.0016859866679065636,hurdle_current_state
46918,Property25756,0.033866254722492536,0.017687717920965868,hurdle_current_state
4344,Property34047,0.006862705634798308,0.002339605034685336,hurdle_current_state
66621,Property5137,0.421317017448769,0.36665010355659294,hurdle_current_state
80718,Property7548,0.04042995193487105,0.008343475039026266,hurdle_current_state
17634,Property33105,0.03945302045942397,0.025585936982675153,hurdle_current_state
20532,Property20806,-0.0005641361054567473,0.0009524525589852424,hurdle_current_state
28751,Property28304,-0.004765690868213643,0.000594021165309186,hurdle_current_state
44572,Property23972,0.04202724080503974,0.0090342113853338,hurdle_current_state
44762,Property31542,0.11549977778116115,0.013530285370786562,hurdle_current_state
40533,Property982,0.3881220170413187,0.2379182560870826,hurdle_current_state
58010,Property27385,0.061035412110444914,0.022375671956256175,hurdle_current_state
