repeat,fold,train_loans,validation_loans,train_properties,validation_properties,train_positive_share,validation_positive_share,property_overlap,model,target_policy,r2,mse,rmse,mae,bias,loan_balance_weighted_mse,prediction_min,prediction_max,pct_predictions_below_zero,pct_predictions_above_one
1,1,31790,7909,29582,7396,0.1615916955017301,0.1571627260083449,0,linear_current_state,raw supplied severity,0.5179500210502712,0.018751406374188494,0.13693577463244766,0.06620441786491506,-6.578414932526144e-05,0.024417005324991466,-0.18385228208739635,0.6804935301546979,0.31672777848021244,0.0
1,1,31790,7909,29582,7396,0.1615916955017301,0.1571627260083449,0,hurdle_current_state,raw supplied severity,0.5851742246486378,0.01613643196302767,0.12702925632714565,0.04830910887544421,-0.001670382089885726,0.02019251628624359,4.257198398467252e-05,1.1148346867573282,0.0,0.00012643823492224047
1,2,31778,7921,29582,7396,0.1605827931273208,0.1612170180532761,0,linear_current_state,raw supplied severity,0.5286181590128567,0.018411731004101532,0.1356898338273783,0.0659964216514373,-0.0023506456268256046,0.02337479626162312,-0.165666042186974,0.6611762702725841,0.3267264234313849,0.0
1,2,31778,7921,29582,7396,0.1605827931273208,0.1612170180532761,0,hurdle_current_state,raw supplied severity,0.5946754505511341,0.015831595375382118,0.12582366778703488,0.04819771300656933,-0.0026357617138204246,0.021243905636587162,5.2631858235041985e-05,0.9552684222404816,0.0,0.0
1,3,31768,7931,29582,7396,0.1607277763787459,0.16063548102383055,0,linear_current_state,raw supplied severity,0.34133401698429167,0.04097720355265306,0.20242826767191646,0.06842531990287913,-0.0020628420859224272,0.0404634068894713,-0.34960366343157634,0.8039100482560215,0.31370571176396417,0.0
1,3,31768,7931,29582,7396,0.1607277763787459,0.16063548102383055,0,hurdle_current_state,raw supplied severity,0.3891063195743548,0.038005173088214654,0.1949491551359345,0.050499527056963985,-0.002514580459914296,0.0360804740966817,3.9826757440409874e-05,0.9326882971864338,0.0,0.0
1,4,31762,7937,29583,7395,0.16176563188716075,0.15648229809751796,0,linear_current_state,raw supplied severity,0.5129230911542263,0.01719452214588528,0.13112788469995723,0.06427880279353143,0.0053625565294999535,0.019732924839032717,-0.1598040643794194,0.7742542238463196,0.30981479148292806,0.0
1,4,31762,7937,29583,7395,0.16176563188716075,0.15648229809751796,0,hurdle_current_state,raw supplied severity,0.5911479182342776,0.014433072163020508,0.1201377216490329,0.04637810926582286,0.002607379411411495,0.01584629375344064,2.4883578631444858e-05,1.0777735690825274,0.0,0.00025198437696862794
1,5,31698,8001,29583,7395,0.15887437693229856,0.1679790026246719,0,linear_current_state,raw supplied severity,0.5303823569086751,0.018377503443011863,0.13556365089142391,0.06644508315190069,-0.0009356052651705297,0.02096619845118432,-0.11523701546418046,0.7125249892849742,0.3172103487064117,0.0
1,5,31698,8001,29583,7395,0.15887437693229856,0.1679790026246719,0,hurdle_current_state,raw supplied severity,0.6089211058743319,0.015304053902178661,0.12370955461151197,0.048503748962769315,-0.003791777770307026,0.0166792426225982,4.919639303906976e-05,0.9344775694394635,0.0,0.0
2,1,31749,7950,29582,7396,0.16019402185895618,0.1627672955974843,0,linear_current_state,raw supplied severity,0.5260106315369102,0.017539386648732374,0.13243634942391147,0.06490546016094138,0.0020162946179635294,0.0207296585563657,-0.16706600972816937,0.7045399847904303,0.3127044025157233,0.0
2,1,31749,7950,29582,7396,0.16019402185895618,0.1627672955974843,0,hurdle_current_state,raw supplied severity,0.6090525293547484,0.01446652457464345,0.12027686633199025,0.046797195575010775,2.792717607328582e-05,0.016422834191844465,1.71691144046846e-05,1.1515094958463212,0.0,0.0003773584905660377
2,2,31791,7908,29582,7396,0.16058003837564092,0.16122913505311076,0,linear_current_state,raw supplied severity,0.5262471173076366,0.018441396115181842,0.13579910204114695,0.06608001738360357,-0.00025301277936576604,0.025738690135944913,-0.18375470420491244,0.7036550486357906,0.31815882650480526,0.0
2,2,31791,7908,29582,7396,0.16058003837564092,0.16122913505311076,0,hurdle_current_state,raw supplied severity,0.6009528853943262,0.01553338497328413,0.12463300114048498,0.04779111224392378,-0.0016068817062062498,0.021909180369757485,4.521601412075794e-05,1.0493532060535706,0.0,0.00012645422357106728
2,3,31743,7956,29582,7396,0.16060233752323347,0.1611362493715435,0,linear_current_state,raw supplied severity,0.34970450691538546,0.041144466381359934,0.2028409879224609,0.06764327043219516,-0.0050251760199659995,0.04148890231860486,-0.15194246047790583,0.7851536459664259,0.3210155857214681,0.0
2,3,31743,7956,29582,7396,0.16060233752323347,0.1611362493715435,0,hurdle_current_state,raw supplied severity,0.39521087570438507,0.038265259496662776,0.19561507993164223,0.05100034808349033,-0.006286892428608708,0.037876479626681024,6.208633590058998e-05,0.8810038432555785,0.0,0.0
2,4,31747,7952,29583,7395,0.16077109648155732,0.16046277665995975,0,linear_current_state,raw supplied severity,0.5036303368271224,0.019078641398413074,0.13812545528762277,0.06694070880061116,0.0015961282558626462,0.020064333289262628,-0.11077230417053367,0.6427727773100457,0.3131287726358149,0.0
2,4,31747,7952,29583,7395,0.16077109648155732,0.16046277665995975,0,hurdle_current_state,raw supplied severity,0.5751378403612092,0.016330153490223882,0.12778948896612696,0.04914221904211138,-0.0006377865600307471,0.016111933869962857,5.1035801020381117e-05,0.9568241027152323,0.0,0.0
2,5,31766,7933,29583,7395,0.16139898004155387,0.15794781293331653,0,linear_current_state,raw supplied severity,0.5273406091165898,0.017443459057951763,0.1320736879849721,0.0655559546036494,0.0016599079638740855,0.020607516377274183,-0.15528470313909248,0.6259512054932028,0.31728223874952727,0.0
2,5,31766,7933,29583,7395,0.16139898004155387,0.15794781293331653,0,hurdle_current_state,raw supplied severity,0.6042297690980849,0.01460587042646227,0.12085474929212452,0.04689767662472293,-0.00011598790529762899,0.01846440917828204,6.712731570443586e-05,0.8409566876980147,0.0,0.0
3,1,31677,8022,29582,7396,0.15973734886510718,0.16454749439042632,0,linear_current_state,raw supplied severity,0.3435230222693718,0.0409267631550811,0.20230364098325343,0.0687208067329302,-0.0018797567037035464,0.04085738800361834,-0.14265608689241188,0.7129950880112085,0.31388681126901025,0.0
3,1,31677,8022,29582,7396,0.15973734886510718,0.16454749439042632,0,hurdle_current_state,raw supplied severity,0.3991408802789981,0.03745937742919976,0.19354425186297775,0.05145298287499336,-0.0033772679155672793,0.035780363051875576,7.524788853640108e-05,0.789808051815236,0.0,0.0
3,2,31782,7917,29582,7396,0.1591152224529608,0.16710875331564987,0,linear_current_state,raw supplied severity,0.5243885505430343,0.018862083688091166,0.13733930132373312,0.06729593110597738,0.00045310657692925187,0.022729185060181466,-0.11536752379049775,0.7853099126730756,0.3097132752305166,0.0
3,2,31782,7917,29582,7396,0.1591152224529608,0.16710875331564987,0,hurdle_current_state,raw supplied severity,0.5895033082175566,0.016279723633494236,0.12759202025790733,0.04999592685125468,-0.0007615879130653583,0.019574739740871615,2.4496184769160628e-05,1.1584704366529417,0.0,0.00037893141341417203
3,3,31798,7901,29582,7396,0.16164538650229573,0.15694215922035185,0,linear_current_state,raw supplied severity,0.5292458862807369,0.018264867553678125,0.13514757694342183,0.065353181732782,-0.0005575590615043211,0.02314657773446482,-0.18131184272637355,0.6150302476432652,0.3165422098468548,0.0
3,3,31798,7901,29582,7396,0.16164538650229573,0.15694215922035185,0,hurdle_current_state,raw supplied severity,0.6081135245068263,0.015204868873921544,0.12330802436955003,0.04709174539850732,-0.0031797545432855293,0.018526056605900024,5.7583188396951855e-05,0.8746881984557253,0.0,0.0
3,4,31754,7945,29583,7395,0.16149146564212383,0.15758338577721837,0,linear_current_state,raw supplied severity,0.5076923978719332,0.01780490857669353,0.1334350350421265,0.0647374338017281,0.002332036167619381,0.019991432868658333,-0.35359202316094895,0.698153546914259,0.3196979232221523,0.0
3,4,31754,7945,29583,7395,0.16149146564212383,0.15758338577721837,0,hurdle_current_state,raw supplied severity,0.5770633060783871,0.015296024551423482,0.12367709792610547,0.046859367452946464,0.0009820832338171418,0.017157048879451114,4.885186461578865e-05,0.9612515534090069,0.0,0.0
3,5,31785,7914,29583,7395,0.16155419222903886,0.1573161485974223,0,linear_current_state,raw supplied severity,0.5297996892486205,0.017570249860332444,0.1325528191338549,0.06492373585735185,-0.0005638441867060684,0.021675446934858743,-0.18019638353579642,0.7758133740711598,0.3266363406621178,0.0
3,5,31785,7914,29583,7395,0.16155419222903886,0.1573161485974223,0,hurdle_current_state,raw supplied severity,0.6049999929913286,0.014760196153177606,0.12149154766146329,0.0459961355462512,-0.0017879750022509362,0.017806386866157976,7.132245654920589e-05,0.8700332636655411,0.0,0.0
